{
  "avg_rms_energy": 0.07301905006170273,
  "rms_std": 0.0738958790898323,
  "pitch_range": 1.1435312677878333,
  "pause_count_psec": 0.16658337497917708,
  "pause_durations_mean": 0.7012426303854881,
  "pause_durations_std": 0.3798148675215706,
  "word_count": 137,
  "filler_rate": 0.014598540145985401,
  "pronoun_rate": 0.145985401459854,
  "sentiment_polarity": 0.23141025641025645,
  "sentiment_subjectivity": 0.5017094017094017,
  "first_person_ratio": 0.10948905109489052,
  "second_person_ratio": 0.021897810218978103,
  "complex_word_ratio": 0.0948905109489051,
  "avg_motion": 12.631412506103516,
  "motion_std": 21.205034255981445,
  "motion_frames": 230,
  "motion_density": 0.12784880489160644,
  "speaking_rate_wpm": 136.93153423288356,
  "lexical_diversity": 0.7518248175182481,
  "avg_word_length": 4.445255474452555,
  "readability": 80.09179046801202
}