{
  "avg_rms_energy": 0.06253416836261749,
  "rms_std": 0.05624809488654137,
  "pitch_range": 2.253965274323557,
  "pause_count_psec": 0.3668283151229907,
  "pause_durations_mean": 0.5847206761492479,
  "pause_durations_std": 0.16058840478268221,
  "word_count": 171,
  "filler_rate": 0.07017543859649122,
  "pronoun_rate": 0.14619883040935672,
  "sentiment_polarity": 0.20207482993197276,
  "sentiment_subjectivity": 0.4187414965986394,
  "first_person_ratio": 0.0935672514619883,
  "second_person_ratio": 0.03508771929824561,
  "complex_word_ratio": 0.08187134502923976,
  "avg_motion": 5.090274333953857,
  "motion_std": 2.5808463096618652,
  "motion_frames": 304,
  "motion_density": 0.20389000670690813,
  "speaking_rate_wpm": 171.07538696190386,
  "lexical_diversity": 0.631578947368421,
  "avg_word_length": 4.081871345029239,
  "readability": 76.67850000000001
}