{
  "avg_rms_energy": 0.010334151796996593,
  "rms_std": 0.010348130017518997,
  "pitch_range": 1.6535926342288187,
  "pause_count_psec": 0.31656963795299325,
  "pause_durations_mean": 1.4909655090106195,
  "pause_durations_std": 1.1176236041195573,
  "word_count": 55,
  "filler_rate": 0.0,
  "pronoun_rate": 0.05454545454545454,
  "sentiment_polarity": 0.15000000000000002,
  "sentiment_subjectivity": 0.4,
  "first_person_ratio": 0.05454545454545454,
  "second_person_ratio": 0.0,
  "complex_word_ratio": 0.09090909090909091,
  "avg_motion": 2.8489761352539062,
  "motion_std": 1.6948058605194092,
  "motion_frames": 596,
  "motion_density": 0.33129516397998887,
  "speaking_rate_wpm": 54.983147644467245,
  "lexical_diversity": 0.9272727272727272,
  "avg_word_length": 4.709090909090909,
  "readability": 71.39992424242425
}