{
  "avg_rms_energy": 0.07976856082677841,
  "rms_std": 0.06341325491666794,
  "pitch_range": 1.7406443127199624,
  "pause_count_psec": 0.08329168748958854,
  "pause_durations_mean": 0.46207709750566917,
  "pause_durations_std": 0.08123666313362717,
  "word_count": 205,
  "filler_rate": 0.03414634146341464,
  "pronoun_rate": 0.07317073170731707,
  "sentiment_polarity": 0.19999999999999998,
  "sentiment_subjectivity": 0.6666666666666666,
  "first_person_ratio": 0.04390243902439024,
  "second_person_ratio": 0.0,
  "complex_word_ratio": 0.09268292682926829,
  "avg_motion": 5.196321964263916,
  "motion_std": 2.4853365421295166,
  "motion_frames": 566,
  "motion_density": 0.31461923290717064,
  "speaking_rate_wpm": 204.89755122438783,
  "lexical_diversity": 0.6341463414634146,
  "avg_word_length": 4.360975609756098,
  "readability": 65.1114024390244
}