{
  "avg_rms_energy": 0.10630014538764954,
  "rms_std": 0.03335501626133919,
  "pitch_range": 1.2727491463964373,
  "pause_count_psec": 0.0,
  "pause_durations_mean": 0.0,
  "pause_durations_std": 0.0,
  "word_count": 8,
  "filler_rate": 0.25,
  "pronoun_rate": 0.25,
  "sentiment_polarity": 0.25,
  "sentiment_subjectivity": 0.3333333333333333,
  "first_person_ratio": 0.25,
  "second_person_ratio": 0.0,
  "complex_word_ratio": 0.0,
  "avg_motion": 4.077523708343506,
  "motion_std": 1.228819727897644,
  "motion_frames": 48,
  "motion_density": 0.09320388349514563,
  "speaking_rate_wpm": 27.920043789940184,
  "lexical_diversity": 1.0,
  "avg_word_length": 4.0,
  "readability": 114.11500000000001
}