{
  "avg_rms_energy": 0.017583463340997696,
  "rms_std": 0.018056992441415787,
  "pitch_range": 1.94825769452262,
  "pause_count_psec": 0.5333333333333333,
  "pause_durations_mean": 0.693696145124717,
  "pause_durations_std": 0.3719951600673567,
  "word_count": 71,
  "filler_rate": 0.0,
  "pronoun_rate": 0.1267605633802817,
  "sentiment_polarity": 0.175,
  "sentiment_subjectivity": 0.16666666666666669,
  "first_person_ratio": 0.0,
  "second_person_ratio": 0.028169014084507043,
  "complex_word_ratio": 0.11267605633802817,
  "avg_motion": 1.7734932899475098,
  "motion_std": 1.523171305656433,
  "motion_frames": 404,
  "motion_density": 0.22444444444444445,
  "speaking_rate_wpm": 71.0,
  "lexical_diversity": 0.5915492957746479,
  "avg_word_length": 4.971830985915493,
  "readability": 63.73467605633803
}