{
  "avg_rms_energy": 0.024516034871339798,
  "rms_std": 0.03175719827413559,
  "pitch_range": 1.3732067375840125,
  "pause_count_psec": 0.5166805307323061,
  "pause_durations_mean": 0.7722507497622709,
  "pause_durations_std": 0.3924953528846102,
  "word_count": 176,
  "filler_rate": 0.022727272727272728,
  "pronoun_rate": 0.10795454545454546,
  "sentiment_polarity": 0.02462690817953976,
  "sentiment_subjectivity": 0.5580200501253133,
  "first_person_ratio": 0.056818181818181816,
  "second_person_ratio": 0.011363636363636364,
  "complex_word_ratio": 0.05113636363636364,
  "avg_motion": 5.114126205444336,
  "motion_std": 2.4018726348876953,
  "motion_frames": 405,
  "motion_density": 0.28144544822793605,
  "speaking_rate_wpm": 176.00472272687588,
  "lexical_diversity": 0.7159090909090909,
  "avg_word_length": 4.369318181818182,
  "readability": 94.02037878787881
}