{
  "avg_rms_energy": 0.0034696082584559917,
  "rms_std": 0.0028751734644174576,
  "pitch_range": 1.6695241868521093,
  "pause_count_psec": 0.23333333333333334,
  "pause_durations_mean": 3.788169744088085,
  "pause_durations_std": 3.6136360584736695,
  "word_count": 174,
  "filler_rate": 0.0,
  "pronoun_rate": 0.028735632183908046,
  "sentiment_polarity": 0.16,
  "sentiment_subjectivity": 0.54,
  "first_person_ratio": 0.028735632183908046,
  "second_person_ratio": 0.0,
  "complex_word_ratio": 0.04597701149425287,
  "avg_motion": 0.9596242308616638,
  "motion_std": 0.3744751811027527,
  "motion_frames": 589,
  "motion_density": 0.32722222222222225,
  "speaking_rate_wpm": 174.0,
  "lexical_diversity": 0.8563218390804598,
  "avg_word_length": 4.327586206896552,
  "readability": 70.01392241379314
}