{
  "avg_rms_energy": 0.015645654872059822,
  "rms_std": 0.013704495504498482,
  "pitch_range": 1.6890911643538713,
  "pause_count_psec": 0.40062015879456636,
  "pause_durations_mean": 0.5485714285714288,
  "pause_durations_std": 0.2169764162118639,
  "word_count": 182,
  "filler_rate": 0.04945054945054945,
  "pronoun_rate": 0.13736263736263737,
  "sentiment_polarity": -0.2515625,
  "sentiment_subjectivity": 0.703125,
  "first_person_ratio": 0.0989010989010989,
  "second_person_ratio": 0.0,
  "complex_word_ratio": 0.08241758241758242,
  "avg_motion": 3.9672796726226807,
  "motion_std": 1.6104036569595337,
  "motion_frames": 573,
  "motion_density": 0.31833333333333336,
  "speaking_rate_wpm": 182.2821722515277,
  "lexical_diversity": 0.5769230769230769,
  "avg_word_length": 3.901098901098901,
  "readability": 79.88039377289378
}