{
  "avg_rms_energy": 0.10298362374305725,
  "rms_std": 0.11915956437587738,
  "pitch_range": 1.6816451332041449,
  "pause_count_psec": 0.2610629108336964,
  "pause_durations_mean": 0.7352985638699929,
  "pause_durations_std": 0.3579104925665026,
  "word_count": 122,
  "filler_rate": 0.00819672131147541,
  "pronoun_rate": 0.07377049180327869,
  "sentiment_polarity": 0.18333333333333335,
  "sentiment_subjectivity": 0.5814814814814815,
  "first_person_ratio": 0.03278688524590164,
  "second_person_ratio": 0.03278688524590164,
  "complex_word_ratio": 0.08196721311475409,
  "avg_motion": 9.385619163513184,
  "motion_std": 7.96741247177124,
  "motion_frames": 396,
  "motion_density": 0.264,
  "speaking_rate_wpm": 127.39870048684385,
  "lexical_diversity": 0.7377049180327869,
  "avg_word_length": 4.180327868852459,
  "readability": 82.12529143897999
}