{
  "avg_rms_energy": 0.038586195558309555,
  "rms_std": 0.027160918340086937,
  "pitch_range": 1.2629333460281678,
  "pause_count_psec": 0.19986675549633579,
  "pause_durations_mean": 0.5408314436885867,
  "pause_durations_std": 0.14465633663482838,
  "word_count": 205,
  "filler_rate": 0.00975609756097561,
  "pronoun_rate": 0.07804878048780488,
  "sentiment_polarity": 0.265702479338843,
  "sentiment_subjectivity": 0.6508264462809917,
  "first_person_ratio": 0.04878048780487805,
  "second_person_ratio": 0.004878048780487805,
  "complex_word_ratio": 0.12682926829268293,
  "avg_motion": 4.7561540603637695,
  "motion_std": 4.0457916259765625,
  "motion_frames": 280,
  "motion_density": 0.18654230512991338,
  "speaking_rate_wpm": 204.8634243837442,
  "lexical_diversity": 0.6341463414634146,
  "avg_word_length": 4.7073170731707314,
  "readability": 62.876164079822644
}