{
  "avg_rms_energy": 0.11264853179454803,
  "rms_std": 0.0662280023097992,
  "pitch_range": 1.4740001342441966,
  "pause_count_psec": 0.0,
  "pause_durations_mean": 0.0,
  "pause_durations_std": 0.0,
  "word_count": 150,
  "filler_rate": 0.04666666666666667,
  "pronoun_rate": 0.07333333333333333,
  "sentiment_polarity": 0.18489583333333331,
  "sentiment_subjectivity": 0.43906249999999986,
  "first_person_ratio": 0.1,
  "second_person_ratio": 0.0,
  "complex_word_ratio": 0.06,
  "avg_motion": 3.193992853164673,
  "motion_std": 1.4106653928756714,
  "motion_frames": 417,
  "motion_density": 0.28958333333333336,
  "speaking_rate_wpm": 150.0,
  "lexical_diversity": 0.64,
  "avg_word_length": 3.953333333333333,
  "readability": 26.370000000000033
}