{
  "avg_rms_energy": 0.028398564085364342,
  "rms_std": 0.02671535685658455,
  "pitch_range": 1.9997971546439106,
  "pause_count_psec": 0.3764581350383501,
  "pause_durations_mean": 0.8813028241599677,
  "pause_durations_std": 0.4208212280775445,
  "word_count": 150,
  "filler_rate": 0.0,
  "pronoun_rate": 0.12,
  "sentiment_polarity": -0.07941919191919192,
  "sentiment_subjectivity": 0.5472222222222223,
  "first_person_ratio": 0.11333333333333333,
  "second_person_ratio": 0.0,
  "complex_word_ratio": 0.15333333333333332,
  "avg_motion": 1.39461350440979,
  "motion_std": 0.6579036712646484,
  "motion_frames": 579,
  "motion_density": 0.3218454697053919,
  "speaking_rate_wpm": 154.00560069750685,
  "lexical_diversity": 0.6333333333333333,
  "avg_word_length": 4.3533333333333335,
  "readability": 71.60746153846156
}