{
  "avg_rms_energy": 0.023609912022948265,
  "rms_std": 0.028972506523132324,
  "pitch_range": 1.3296768331120823,
  "pause_count_psec": 0.39657783008528447,
  "pause_durations_mean": 0.7717006802721095,
  "pause_durations_std": 0.38556208962788674,
  "word_count": 151,
  "filler_rate": 0.033112582781456956,
  "pronoun_rate": 0.11258278145695365,
  "sentiment_polarity": -0.03552827380952381,
  "sentiment_subjectivity": 0.5438988095238095,
  "first_person_ratio": 0.06622516556291391,
  "second_person_ratio": 0.019867549668874173,
  "complex_word_ratio": 0.039735099337748346,
  "avg_motion": 5.2501444816589355,
  "motion_std": 2.9955368041992188,
  "motion_frames": 395,
  "motion_density": 0.2040289256198347,
  "speaking_rate_wpm": 112.28109814289617,
  "lexical_diversity": 0.7284768211920529,
  "avg_word_length": 4.3907284768211925,
  "readability": 95.23153605592348
}